{"rotation_angle": -0.032597145117952815, "rotation_matrix": [[0.9994687601077146, -0.03259137261220809, 18.092770200934137], [0.03259137261220809, 0.9994687601077146, -30.984818099525675]], "aruco_XOY": [28, 86], "scale": 1.1193951924753829}