{"rotation_angle": 0.05584250248016998, "rotation_matrix": [[0.9984412125964919, 0.05581348393396538, -19.068102929717114], [-0.05581348393396538, 0.9984412125964919, 36.25310704733203]]}