{"rotation_angle": 0.07910288937890457, "rotation_matrix": [[0.9968729974970433, 0.07902042053330222, -26.408123081081325], [-0.07902042053330222, 0.9968729974970433, 51.657716330859714]]}