{"rotation_angle": 1.4677673692488233, "rotation_matrix": [[0.10284677944851704, 0.9946972101886423, 324.17937022237527], [-0.9946972101886423, 0.10284677944851704, 1438.4261356635275]], "aruco_XOY": [1586, 335], "scale": 0.35313551557504375}