{"rotation_angle": 0.06090020827798799, "rotation_matrix": [[0.9981461553891549, 0.06086257045055822, -20.69456044834021], [-0.06086257045055822, 0.9981461553891549, 39.588070940730816]], "aruco_XOY": [85, 41], "scale": 1.2589050273949507}