{"rotation_angle": 0.036793204146488, "rotation_matrix": [[0.9993232064196902, 0.03678490330379228, -12.7913632431052], [-0.03678490330379228, 0.9993232064196902, 23.767252954896538]]}