{"rotation_angle": -1.3198407233478346, "rotation_matrix": [[0.2483297422017815, -0.9686755592756517, 1243.8280765866048], [0.9686755592756517, 0.2483297422017815, -523.918095042849]], "aruco_XOY": [411, 848], "scale": 0.34892284649698274}